Name,Country,Weekly Gross (EUR),Annual Gross (EUR),Position,Age,Club,weekly_gross_krw,annual_gross_krw
Kevin De Bruyne,belgium,400000,20800000,AM,33,Manchester City,589600000,30659200000
Erling Haaland,norway,375000,19500000,CF,24,Manchester City,552750000,28743000000
Casemiro,brazil,350000,18200000,DM,32,Manchester United,515900000,26826800000
Mohamed Salah,egypt,350000,18200000,RW,32,Liverpool,515900000,26826800000
Marcus Rashford,england,300000,15600000,LW,26,Manchester United,442200000,22994400000
Jack Grealish,england,300000,15600000,LW,28,Manchester City,442200000,22994400000
Bruno Fernandes,portugal,300000,15600000,AM,29,Manchester United,442200000,22994400000
Bernardo Silva,portugal,300000,15600000,AM,30,Manchester City,442200000,22994400000
Kai Havertz,germany,280000,14560000,AM,25,Arsenal,412720000,21461440000
Gabriel Jesus,brazil,265000,13780000,CF,27,Arsenal,390610000,20311720000
Mason Mount,england,250000,13000000,AM,25,Manchester United,368500000,19162000000
Reece James,england,250000,13000000,RB,24,Chelsea,368500000,19162000000
John Stones,england,250000,13000000,CB,30,Manchester City,368500000,19162000000
Martin Ødegaard,norway,240000,12480000,AM,25,Arsenal,353760000,18395520000
Declan Rice,england,240000,12480000,DM,25,Arsenal,353760000,18395520000
İlkay Gündoğan,germany,230000,11960000,CM,33,Manchester City,339020000,17629040000
Phil Foden,england,225000,11700000,RW,24,Manchester City,331650000,17245800000
Virgil van Dijk,netherlands,220000,11440000,CB,33,Liverpool,324280000,16862560000
Rodri,spain,220000,11440000,DM,28,Manchester City,324280000,16862560000
Thomas Partey,ghana,200000,10400000,DM,31,Arsenal,294800000,15329600000
Ben Chilwell,england,200000,10400000,LB,27,Chelsea,294800000,15329600000
Josko Gvardiol,croatia,200000,10400000,LB,22,Manchester City,294800000,15329600000
Wesley Fofana,france,200000,10400000,CB,23,Chelsea,294800000,15329600000
Antony,brazil,200000,10400000,RW,24,Manchester United,294800000,15329600000
Christopher Nkunku,france,195000,10140000,AM,26,Chelsea,287430000,14946360000
Bukayo Saka,england,195000,10140000,RW,22,Arsenal,287430000,14946360000
Matthijs de Ligt,netherlands,195000,10140000,CB,25,Manchester United,287430000,14946360000
William Saliba,france,190000,9880000,CB,23,Arsenal,280060000,14563120000
Harry Maguire,england,190000,9880000,CB,31,Manchester United,280060000,14563120000
Heung-min Son,south-korea,190000,9880000,LW,32,Tottenham,280060000,14563120000
Gabriel Martinelli,brazil,180000,9360000,LW,23,Arsenal,265320000,13796640000
Rúben Dias,portugal,180000,9360000,CB,27,Manchester City,265320000,13796640000
Trent Alexander-Arnold,england,180000,9360000,RB,25,Liverpool,265320000,13796640000
Manuel Akanji,switzerland,180000,9360000,CB,29,Manchester City,265320000,13796640000
Enzo Fernández,argentina,180000,9360000,CM,23,Chelsea,265320000,13796640000
Marc Cucurella,spain,175000,9100000,LB,26,Chelsea,257950000,13413400000
Kyle Walker,england,175000,9100000,RB,34,Manchester City,257950000,13413400000
James Maddison,england,170000,8840000,AM,27,Tottenham,250580000,13030160000
Cristian Romero,argentina,165000,8580000,CB,26,Tottenham,243210000,12646920000
Timo Werner,germany,165000,8580000,LW,28,Tottenham,243210000,12646920000
Raheem Sterling,england,162500,8450000,LW,29,Arsenal,239525000,12455300000
Raheem Sterling,england,162500,8450000,LW,29,Chelsea,239525000,12455300000
Pedro Neto,portugal,160000,8320000,RW,24,Chelsea,235840000,12263680000
Andrew Robertson,scotland,160000,8320000,LB,30,Liverpool,235840000,12263680000
Nathan Aké,netherlands,160000,8320000,CB,29,Manchester City,235840000,12263680000
Bruno Guimarães,brazil,160000,8320000,DM,26,Newcastle,235840000,12263680000
Jarrod Bowen,england,150000,7800000,RW,27,West Ham,221100000,11497200000
Youri Tielemans,belgium,150000,7800000,CM,27,Aston Villa,221100000,11497200000
Alexis Mac Allister,argentina,150000,7800000,CM,25,Liverpool,221100000,11497200000
Ryan Gravenberch,netherlands,150000,7800000,CM,22,Liverpool,221100000,11497200000
Alisson,brazil,150000,7800000,GK,31,Liverpool,221100000,11497200000
Oleksandr Zinchenko,ukraine,150000,7800000,LB,27,Arsenal,221100000,11497200000
Moisés Caicedo,ecuador,150000,7800000,DM,22,Chelsea,221100000,11497200000
Anthony Gordon,england,150000,7800000,LW,23,Newcastle,221100000,11497200000
Mateo Kovacic,croatia,150000,7800000,CM,30,Manchester City,221100000,11497200000
Luke Shaw,england,150000,7800000,LB,29,Manchester United,221100000,11497200000
Lucas Paquetá,brazil,150000,7800000,AM,27,West Ham,221100000,11497200000
Lloyd Kelly,england,150000,7800000,CB,25,Newcastle,221100000,11497200000
Ben White,england,150000,7800000,RB,26,Arsenal,221100000,11497200000
Boubacar Kamara,france,150000,7800000,DM,24,Aston Villa,221100000,11497200000
Kalvin Phillips,england,150000,7800000,DM,28,Ipswich Town,221100000,11497200000
Joelinton,brazil,150000,7800000,CM,28,Newcastle,221100000,11497200000
Jadon Sancho,england,150000,7800000,LW,24,Manchester United,221100000,11497200000
Federico Chiesa,italy,150000,7800000,LW,26,Liverpool,221100000,11497200000
Emiliano Martínez,argentina,150000,7800000,GK,32,Aston Villa,221100000,11497200000
Christian Eriksen,denmark,150000,7800000,CM,32,Manchester United,221100000,11497200000
Jamie Vardy,england,140000,7280000,CF,37,Leicester,206360000,10730720000
Darwin Núñez,uruguay,140000,7280000,CF,25,Liverpool,206360000,10730720000
Amadou Onana,belgium,140000,7280000,DM,23,Aston Villa,206360000,10730720000
Diogo Jota,portugal,140000,7280000,CF,27,Liverpool,206360000,10730720000
Noussair Mazraoui,morocco,135000,7020000,RB,26,Manchester United,198990000,10347480000
Mikel Merino,spain,130000,6760000,CM,28,Arsenal,191620000,9964240000
João Félix,portugal,130000,6760000,LW,24,Chelsea,191620000,9964240000
Cole Palmer,england,130000,6760000,AM,22,Chelsea,191620000,9964240000
Ollie Watkins,england,130000,6760000,CF,28,Aston Villa,191620000,9964240000
Abdoulaye Doucouré,mali,130000,6760000,CM,31,Everton,191620000,9964240000
Bernd Leno,germany,130000,6760000,GK,32,Fulham,191620000,9964240000
Matheus Nunes,portugal,130000,6760000,CM,26,Manchester City,191620000,9964240000
Jordan Pickford,england,125000,6500000,GK,30,Everton,184250000,9581000000
Danny Ings,england,125000,6500000,CF,32,West Ham,184250000,9581000000
Victor Lindelöf,sweden,120000,6240000,CB,30,Manchester United,176880000,9197760000
Alphonse Areola,france,120000,6240000,GK,31,West Ham,176880000,9197760000
Lucas Digne,france,120000,6240000,LB,31,Aston Villa,176880000,9197760000
Manuel Ugarte,uruguay,120000,6240000,DM,23,Manchester United,176880000,9197760000
John McGinn,scotland,120000,6240000,CM,29,Aston Villa,176880000,9197760000
André Onana,cameroon,120000,6240000,GK,28,Manchester United,176880000,9197760000
Lisandro Martínez,argentina,120000,6240000,CB,26,Manchester United,176880000,9197760000
Riccardo Calafiori,italy,120000,6240000,CB,22,Arsenal,176880000,9197760000
Alexander Isak,sweden,120000,6240000,CF,24,Newcastle,176880000,9197760000
Sandro Tonali,italy,120000,6240000,DM,24,Newcastle,176880000,9197760000
Tosin Adarabioyo,england,120000,6240000,CB,26,Chelsea,176880000,9197760000
Aaron Ramsdale,england,120000,6240000,GK,26,Southampton,176880000,9197760000
Dominik Szoboszlai,hungary,120000,6240000,CM,23,Liverpool,176880000,9197760000
Kieran Trippier,england,120000,6240000,RB,33,Newcastle,176880000,9197760000
Cody Gakpo,netherlands,120000,6240000,LW,25,Liverpool,176880000,9197760000
Leon Bailey,jamaica,120000,6240000,RW,27,Aston Villa,176880000,9197760000
James Ward-Prowse,england,115000,5980000,CM,29,Nottingham Forest,169510000,8814520000
Leny Yoro,france,115000,5980000,CB,18,Manchester United,169510000,8814520000
Jorginho,italy,110000,5720000,DM,32,Arsenal,162140000,8431280000
Dejan Kulusevski,sweden,110000,5720000,RW,24,Tottenham,162140000,8431280000
Kieran Tierney,scotland,110000,5720000,LB,27,Arsenal,162140000,8431280000
Nikola Milenković,serbia,105000,5460000,CB,26,Nottingham Forest,154770000,8048040000
Daichi Kamada,japan,105000,5460000,AM,28,Crystal Palace,154770000,8048040000
Joshua Zirkzee,netherlands,105000,5460000,CF,23,Manchester United,154770000,8048040000
Mykhailo Mudryk,ukraine,100000,5200000,LW,23,Chelsea,147400000,7664800000
Dominic Calvert-Lewin,england,100000,5200000,CF,27,Everton,147400000,7664800000
Nicolas Jackson,senegal,100000,5200000,CF,23,Chelsea,147400000,7664800000
Pau Torres,spain,100000,5200000,CB,27,Aston Villa,147400000,7664800000
Eberechi Eze,england,100000,5200000,AM,26,Crystal Palace,147400000,7664800000
Ederson,brazil,100000,5200000,GK,31,Manchester City,147400000,7664800000
Edson Álvarez,mexico,100000,5200000,DM,26,West Ham,147400000,7664800000
Gabriel Magalhães,brazil,100000,5200000,CB,26,Arsenal,147400000,7664800000
Diego Carlos,brazil,100000,5200000,CB,31,Aston Villa,147400000,7664800000
Max Kilman,england,100000,5200000,CB,27,West Ham,147400000,7664800000
James Tarkowski,england,100000,5200000,CB,31,Everton,147400000,7664800000
Ian Maatsen,netherlands,100000,5200000,LB,22,Aston Villa,147400000,7664800000
Raúl Jiménez,mexico,100000,5200000,CF,33,Fulham,147400000,7664800000
Reiss Nelson,england,100000,5200000,RW,24,Fulham,147400000,7664800000
Carney Chukwuemeka,england,100000,5200000,CM,20,Chelsea,147400000,7664800000
Takehiro Tomiyasu,japan,100000,5200000,RB,25,Arsenal,147400000,7664800000
Tyrone Mings,england,100000,5200000,CB,31,Aston Villa,147400000,7664800000
Jadon Sancho,england,100000,5200000,LW,24,Chelsea,147400000,7664800000
David Raya,spain,100000,5200000,GK,28,Arsenal,147400000,7664800000
Dean Henderson,england,100000,5200000,GK,27,Crystal Palace,147400000,7664800000
Matt Targett,england,100000,5200000,LB,28,Newcastle,147400000,7664800000
Levi Colwill,england,100000,5200000,CB,21,Chelsea,147400000,7664800000
Emerson,italy,95000,4940000,LB,30,West Ham,140030000,7281560000
Aaron Wan-Bissaka,england,90000,4680000,RB,26,West Ham,132660000,6898320000
Stefan Ortega Moreno,germany,90000,4680000,GK,31,Manchester City,132660000,6898320000
Jurrien Timber,netherlands,90000,4680000,CB,23,Arsenal,132660000,6898320000
Richarlison,brazil,90000,4680000,CF,27,Tottenham,132660000,6898320000
Jack Harrison,england,90000,4680000,RW,27,Everton,132660000,6898320000
Odsonne Edouard,france,90000,4680000,CF,26,Leicester,132660000,6898320000
Sven Botman,netherlands,90000,4680000,CB,24,Newcastle,132660000,6898320000
Pablo Sarabia,spain,90000,4680000,RW,32,Wolverhampton,132660000,6898320000
Mohammed Kudus,ghana,90000,4680000,AM,24,West Ham,132660000,6898320000
Niclas Füllkrug,germany,90000,4680000,CF,31,West Ham,132660000,6898320000
Benoît Badiashile,france,90000,4680000,CB,23,Chelsea,132660000,6898320000
Leandro Trossard,belgium,90000,4680000,LW,29,Arsenal,132660000,6898320000
Harry Winks,england,90000,4680000,DM,28,Leicester,132660000,6898320000
Dominic Solanke,england,90000,4680000,CF,26,Tottenham,132660000,6898320000
Eddie Nketiah,england,90000,4680000,CF,25,Crystal Palace,132660000,6898320000
Tomas Soucek,czech-republic,90000,4680000,DM,29,West Ham,132660000,6898320000
Joachim Andersen,denmark,90000,4680000,CB,28,Fulham,132660000,6898320000
Gonçalo Guedes,portugal,90000,4680000,LW,27,Wolverhampton,132660000,6898320000
Ferdi Kadıoğlu,turkey,87500,4550000,LB,24,Brighton,128975000,6706700000
Joe Gomez,england,85000,4420000,CB,27,Liverpool,125290000,6515080000
Evanilson,brazil,85000,4420000,CF,24,Bournemouth,125290000,6515080000
Diogo Dalot,portugal,85000,4420000,RB,25,Manchester United,125290000,6515080000
Michail Antonio,jamaica,85000,4420000,CF,34,West Ham,125290000,6515080000
Pedro Porro,spain,85000,4420000,RB,24,Tottenham,125290000,6515080000
Radu Drăgușin,romania,85000,4420000,CB,22,Tottenham,125290000,6515080000
Rasmus Højlund,denmark,85000,4420000,CF,21,Manchester United,125290000,6515080000
Chris Wood,new-zealand,80000,4160000,CF,32,Nottingham Forest,117920000,6131840000
Axel Disasi,france,80000,4160000,CB,26,Chelsea,117920000,6131840000
Michael Keane,england,80000,4160000,CB,31,Everton,117920000,6131840000
Ben Davies,wales,80000,4160000,CB,31,Tottenham,117920000,6131840000
Morgan Gibbs-White,england,80000,4160000,AM,24,Nottingham Forest,117920000,6131840000
Lewis Dunk,england,80000,4160000,CB,32,Brighton,117920000,6131840000
Kiernan Dewsbury-Hall,england,80000,4160000,CM,25,Chelsea,117920000,6131840000
Kaoru Mitoma,japan,80000,4160000,LW,27,Brighton,117920000,6131840000
Boubakary Soumaré,france,80000,4160000,DM,25,Leicester,117920000,6131840000
Justin Kluivert,netherlands,80000,4160000,LW,25,Bournemouth,117920000,6131840000
Ricardo Pereira,portugal,80000,4160000,RB,30,Leicester,117920000,6131840000
Idrissa Gueye,senegal,80000,4160000,CM,34,Everton,117920000,6131840000
Joe Willock,england,80000,4160000,CM,25,Newcastle,117920000,6131840000
Callum Hudson-Odoi,england,80000,4160000,LW,23,Nottingham Forest,117920000,6131840000
Carlos Soler,spain,80000,4160000,CM,27,West Ham,117920000,6131840000
Alex Iwobi,nigeria,80000,4160000,LW,28,Fulham,117920000,6131840000
Harvey Barnes,england,80000,4160000,LW,26,Newcastle,117920000,6131840000
Matty Cash,poland,80000,4160000,RB,27,Aston Villa,117920000,6131840000
Nélson Semedo,portugal,80000,4160000,RB,30,Wolverhampton,117920000,6131840000
Kepa Arrizabalaga,spain,75000,3900000,GK,29,Chelsea,110550000,5748600000
Guglielmo Vicario,italy,75000,3900000,GK,27,Tottenham,110550000,5748600000
Guido Rodríguez,argentina,75000,3900000,DM,30,West Ham,110550000,5748600000
Kepa Arrizabalaga,spain,75000,3900000,GK,29,Bournemouth,110550000,5748600000
Destiny Udogie,italy,75000,3900000,LB,21,Tottenham,110550000,5748600000
Archie Gray,england,75000,3900000,CM,18,Tottenham,110550000,5748600000
Jhon Durán,colombia,75000,3900000,CF,20,Aston Villa,110550000,5748600000
Emiliano Buendía,argentina,75000,3900000,RW,27,Aston Villa,110550000,5748600000
Ibrahim Sangaré,cote-d-ivoire,75000,3900000,DM,26,Nottingham Forest,110550000,5748600000
Morgan Rogers,england,75000,3900000,LW,22,Aston Villa,110550000,5748600000
Konstantinos Tsimikas,greece,75000,3900000,LB,28,Liverpool,110550000,5748600000
Fraser Forster,england,75000,3900000,GK,36,Tottenham,110550000,5748600000
Tyrell Malacia,netherlands,75000,3900000,LB,25,Manchester United,110550000,5748600000
Ezri Konsa,england,75000,3900000,CB,26,Aston Villa,110550000,5748600000
Conor Coady,england,75000,3900000,CB,31,Leicester,110550000,5748600000
Patson Daka,zambia,75000,3900000,CF,25,Leicester,110550000,5748600000
Wilfred Ndidi,nigeria,75000,3900000,DM,27,Leicester,110550000,5748600000
Rodrigo Bentancur,uruguay,75000,3900000,CM,27,Tottenham,110550000,5748600000
Georginio Rutter,france,75000,3900000,CF,22,Brighton,110550000,5748600000
Ismaïla Sarr,senegal,70000,3640000,RW,26,Crystal Palace,103180000,5365360000
Aaron Hickey,scotland,70000,3640000,RB,22,Brentford,103180000,5365360000
Cheick Doucouré,mali,70000,3640000,DM,24,Crystal Palace,103180000,5365360000
Hee-chan Hwang,south-korea,70000,3640000,CF,28,Wolverhampton,103180000,5365360000
Ibrahima Konaté,france,70000,3640000,CB,25,Liverpool,103180000,5365360000
Issa Diop,france,70000,3640000,CB,27,Fulham,103180000,5365360000
Jacob Ramsey,england,70000,3640000,AM,23,Aston Villa,103180000,5365360000
Jan Bednarek,poland,70000,3640000,CB,28,Southampton,103180000,5365360000
Jefferson Lerma,colombia,70000,3640000,DM,29,Crystal Palace,103180000,5365360000
Ryan Christie,scotland,70000,3640000,CM,29,Bournemouth,103180000,5365360000
Joe Aribo,nigeria,70000,3640000,CM,28,Southampton,103180000,5365360000
Brennan Johnson,wales,70000,3640000,RW,23,Tottenham,103180000,5365360000
Pape Sarr,senegal,70000,3640000,CM,21,Tottenham,103180000,5365360000
Adama Traoré,spain,65000,3380000,RW,28,Fulham,95810000,4982120000
Lukasz Fabianski,poland,65000,3380000,GK,39,West Ham,95810000,4982120000
Maxwel Cornet,cote-d-ivoire,65000,3380000,LW,27,Southampton,95810000,4982120000
Timothy Castagne,belgium,65000,3380000,RB,28,Fulham,95810000,4982120000
Luis Sinisterra,colombia,65000,3380000,LW,25,Bournemouth,95810000,4982120000
Jonny Evans,northern-ireland,65000,3380000,CB,36,Manchester United,95810000,4982120000
Saša Lukić,serbia,63000,3276000,CM,28,Fulham,92862000,4828824000
Danny Welbeck,england,60000,3120000,CF,33,Brighton,88440000,4598880000
Robert Sánchez,spain,60000,3120000,GK,26,Chelsea,88440000,4598880000
Miguel Almirón,paraguay,60000,3120000,RW,30,Newcastle,88440000,4598880000
Tyler Adams,united-states,60000,3120000,DM,25,Bournemouth,88440000,4598880000
Jeffrey Schlupp,ghana,60000,3120000,LM,31,Crystal Palace,88440000,4598880000
Matheus Cunha,brazil,60000,3120000,CF,25,Wolverhampton,88440000,4598880000
Mats Wieffer,netherlands,60000,3120000,DM,24,Brighton,88440000,4598880000
Nick Pope,england,60000,3120000,GK,32,Newcastle,88440000,4598880000
Adam Armstrong,england,60000,3120000,CF,27,Southampton,88440000,4598880000
Lewis Cook,england,60000,3120000,CM,27,Bournemouth,88440000,4598880000
James Milner,england,60000,3120000,CM,38,Brighton,88440000,4598880000
Jannik Vestergaard,denmark,60000,3120000,CB,32,Leicester,88440000,4598880000
Emile Smith Rowe,england,60000,3120000,AM,24,Fulham,88440000,4598880000
Jakub Kiwior,poland,58000,3016000,LB,24,Arsenal,85492000,4445584000
Vitaliy Mykolenko,ukraine,58000,3016000,LB,25,Everton,85492000,4445584000
Emil Krafth,sweden,55000,2860000,RB,30,Newcastle,81070000,4215640000
Ben Mee,england,55000,2860000,CB,34,Brentford,81070000,4215640000
Yves Bissouma,mali,55000,2860000,DM,28,Tottenham,81070000,4215640000
Chris Richards,united-states,55000,2860000,CB,24,Crystal Palace,81070000,4215640000
Sander Berge,norway,55000,2860000,CM,26,Fulham,81070000,4215640000
Luis Díaz,colombia,55000,2860000,LW,27,Liverpool,81070000,4215640000
Séamus Coleman,ireland,55000,2860000,RB,35,Everton,81070000,4215640000
Dan Burn,england,55000,2860000,LB,32,Newcastle,81070000,4215640000
Adam Webster,england,55000,2860000,CB,29,Brighton,81070000,4215640000
Boubacar Traoré,mali,55000,2860000,DM,23,Wolverhampton,81070000,4215640000
Sergio Reguilón,spain,53000,2756000,LB,27,Tottenham,78122000,4062344000
Igor Thiago,brazil,50000,2600000,CF,23,Brentford,73700000,3832400000
Solly March,england,50000,2600000,RW,30,Brighton,73700000,3832400000
Tino Livramento,england,50000,2600000,RB,21,Newcastle,73700000,3832400000
Sean Longstaff,england,50000,2600000,CM,26,Newcastle,73700000,3832400000
Wout Faes,belgium,50000,2600000,CB,26,Leicester,73700000,3832400000
Alejandro Garnacho,argentina,50000,2600000,LW,20,Manchester United,73700000,3832400000
Ryan Yates,england,50000,2600000,CM,26,Nottingham Forest,73700000,3832400000
Jean-Philippe Mateta,france,50000,2600000,CF,27,Crystal Palace,73700000,3832400000
Mathias Jensen,denmark,50000,2600000,CM,28,Brentford,73700000,3832400000
Jérémy Doku,belgium,50000,2600000,LW,22,Manchester City,73700000,3832400000
Jesper Lindstrøm,denmark,50000,2600000,AM,24,Everton,73700000,3832400000
Harrison Reed,england,50000,2600000,CM,29,Fulham,73700000,3832400000
Hamza Choudhury,england,50000,2600000,DM,26,Leicester,73700000,3832400000
João Pedro,brazil,50000,2600000,CF,22,Brighton,73700000,3832400000
Matt Doherty,ireland,50000,2600000,RB,32,Wolverhampton,73700000,3832400000
Joël Veltman,netherlands,50000,2600000,RB,32,Brighton,73700000,3832400000
Trevoh Chalobah,england,50000,2600000,CB,25,Crystal Palace,73700000,3832400000
Robin Olsen,sweden,50000,2600000,GK,34,Aston Villa,73700000,3832400000
Aaron Cresswell,england,50000,2600000,LB,34,West Ham,73700000,3832400000
Brajan Gruda,germany,50000,2600000,RW,20,Brighton,73700000,3832400000
Filip Jørgensen,denmark,50000,2600000,GK,22,Chelsea,73700000,3832400000
Kenny Tete,netherlands,50000,2600000,RB,28,Fulham,73700000,3832400000
Pervis Estupiñán,ecuador,50000,2600000,LB,26,Brighton,73700000,3832400000
Konstantinos Mavropanos,greece,50000,2600000,CB,26,West Ham,73700000,3832400000
Beto,portugal,50000,2600000,CF,26,Everton,73700000,3832400000
Wataru Endo,japan,50000,2600000,DM,31,Liverpool,73700000,3832400000
Djed Spence,england,50000,2600000,RB,24,Tottenham,73700000,3832400000
Antonee Robinson,united-states,50000,2600000,LB,27,Fulham,73700000,3832400000
Oscar Bobb,norway,50000,2600000,RW,21,Manchester City,73700000,3832400000
Orel Mangala,belgium,50000,2600000,CM,26,Everton,73700000,3832400000
David Brooks,wales,50000,2600000,RW,27,Bournemouth,73700000,3832400000
Oliver Skipp,england,50000,2600000,DM,23,Leicester,73700000,3832400000
Andreas Pereira,brazil,50000,2600000,AM,28,Fulham,73700000,3832400000
Odysseas Vlachodimos,greece,50000,2600000,GK,30,Newcastle,73700000,3832400000
Antoine Semenyo,ghana,50000,2600000,RW,24,Bournemouth,73700000,3832400000
Noni Madueke,england,50000,2600000,RW,22,Chelsea,73700000,3832400000
Micky van de Ven,netherlands,50000,2600000,CB,23,Tottenham,73700000,3832400000
Will Hughes,england,50000,2600000,CM,29,Crystal Palace,73700000,3832400000
Marc Guéhi,england,50000,2600000,CB,24,Crystal Palace,73700000,3832400000
Marc Guiu,spain,50000,2600000,CF,18,Chelsea,73700000,3832400000
Marcos Senesi,argentina,50000,2600000,CB,27,Bournemouth,73700000,3832400000
Maxence Lacroix,france,50000,2600000,CB,24,Crystal Palace,73700000,3832400000
Neto,brazil,50000,2600000,GK,35,Arsenal,73700000,3832400000
Neco Williams,wales,50000,2600000,RB,23,Nottingham Forest,73700000,3832400000
Nathaniel Clyne,england,50000,2600000,RB,33,Crystal Palace,73700000,3832400000
Ilya Zabarnyi,ukraine,50000,2600000,CB,22,Bournemouth,73700000,3832400000
Matt O'Riley,denmark,50000,2600000,CM,23,Brighton,73700000,3832400000
Taiwo Awoniyi,nigeria,50000,2600000,CF,27,Nottingham Forest,73700000,3832400000
Callum Wilson,england,46000,2392000,CF,32,Newcastle,67804000,3525808000
Igor,brazil,45000,2340000,CB,26,Brighton,66330000,3449160000
Tom Heaton,england,45000,2340000,GK,38,Manchester United,66330000,3449160000
Calvin Bassey,nigeria,45000,2340000,CB,24,Fulham,66330000,3449160000
Craig Dawson,england,45000,2340000,CB,34,Wolverhampton,66330000,3449160000
Malo Gusto,france,45000,2340000,RB,21,Chelsea,66330000,3449160000
Rob Holding,england,45000,2340000,CB,28,Crystal Palace,66330000,3449160000
Lesley Ugochukwu,france,45000,2340000,DM,20,Southampton,66330000,3449160000
Jack Stephens,england,45000,2340000,CB,30,Southampton,66330000,3449160000
Iliman Ndiaye,senegal,45000,2340000,CF,24,Everton,66330000,3449160000
Mario Lemina,gabon,45000,2340000,DM,31,Wolverhampton,66330000,3449160000
Philip Billing,denmark,45000,2340000,CM,28,Bournemouth,66330000,3449160000
Daniel Muñoz,colombia,45000,2340000,RB,28,Crystal Palace,66330000,3449160000
Adam Lallana,england,45000,2340000,AM,36,Southampton,66330000,3449160000
Fabian Schär,switzerland,45000,2340000,CB,32,Newcastle,66330000,3449160000
Bryan Mbeumo,cameroon,45000,2340000,RW,25,Brentford,66330000,3449160000
Roméo Lavia,belgium,45000,2340000,DM,20,Chelsea,66330000,3449160000
Ryan Sessegnon,england,45000,2340000,LB,24,Fulham,66330000,3449160000
Jaden Philogene-Bidace,england,40000,2080000,LW,22,Aston Villa,58960000,3065920000
Axel Tuanzebe,democratic-republic-of-the-congo,40000,2080000,CB,26,Ipswich Town,58960000,3065920000
Emmanuel Dennis,nigeria,40000,2080000,CF,26,Nottingham Forest,58960000,3065920000
Alex Scott,england,40000,2080000,CM,21,Bournemouth,58960000,3065920000
Elliot Anderson,england,40000,2080000,CM,21,Nottingham Forest,58960000,3065920000
Matheus França,brazil,40000,2080000,AM,20,Crystal Palace,58960000,3065920000
Matt Turner,united-states,40000,2080000,GK,30,Crystal Palace,58960000,3065920000
Kristoffer Ajer,norway,40000,2080000,CB,26,Brentford,58960000,3065920000
Cameron Archer,england,40000,2080000,CF,22,Southampton,58960000,3065920000
Harvey Elliott,england,40000,2080000,CM,21,Liverpool,58960000,3065920000
Sam Johnstone,england,40000,2080000,GK,31,Wolverhampton,58960000,3065920000
Willy Boly,cote-d-ivoire,40000,2080000,CB,33,Nottingham Forest,58960000,3065920000
Ashley Young,england,40000,2080000,LB,39,Everton,58960000,3065920000
Ola Aina,nigeria,40000,2080000,RB,27,Nottingham Forest,58960000,3065920000
Jamaal Lascelles,england,40000,2080000,CB,30,Newcastle,58960000,3065920000
Martin Dubravka,slovakia,40000,2080000,GK,35,Newcastle,58960000,3065920000
Sávio,brazil,40000,2080000,RW,20,Manchester City,58960000,3065920000
Alex McCarthy,england,40000,2080000,GK,34,Southampton,58960000,3065920000
Ryan Fraser,scotland,40000,2080000,LW,30,Southampton,58960000,3065920000
Adam Smith,england,40000,2080000,RB,33,Bournemouth,58960000,3065920000
Armando Broja,albania,40000,2080000,CF,22,Everton,58960000,3065920000
José Sá,portugal,40000,2080000,GK,31,Wolverhampton,58960000,3065920000
Danny Ward,wales,40000,2080000,GK,31,Leicester,58960000,3065920000
Carlos Vinícius,brazil,40000,2080000,CF,29,Fulham,58960000,3065920000
Tyrick Mitchell,england,40000,2080000,LB,25,Crystal Palace,58960000,3065920000
Fábio Carvalho,portugal,40000,2080000,AM,22,Brentford,58960000,3065920000
Yankuba Minteh,the-gambia,40000,2080000,RW,20,Brighton,58960000,3065920000
Yukinari Sugawara,japan,40000,2080000,RB,24,Southampton,58960000,3065920000
Kamaldeen Sulemana,ghana,40000,2080000,LW,22,Southampton,58960000,3065920000
Nicolás Domínguez,argentina,35000,1820000,CM,26,Nottingham Forest,51590000,2682680000
Altay Bayındır,turkey,35000,1820000,GK,26,Manchester United,51590000,2682680000
Dango Ouattara,burkina-faso,35000,1820000,LW,22,Bournemouth,51590000,2682680000
Bart Verbruggen,netherlands,35000,1820000,GK,22,Brighton,51590000,2682680000
Joel Ward,england,35000,1820000,RB,34,Crystal Palace,51590000,2682680000
Tariq Lamptey,ghana,35000,1820000,RB,23,Brighton,51590000,2682680000
Vladimír Coufal,czech-republic,35000,1820000,RB,32,West Ham,51590000,2682680000
Álex Moreno,spain,35000,1820000,LB,31,Nottingham Forest,51590000,2682680000
Andrew Omobamidele,ireland,35000,1820000,CB,22,Nottingham Forest,51590000,2682680000
Jens Cajuste,sweden,35000,1820000,DM,25,Ipswich Town,51590000,2682680000
Jean-Ricner Bellegarde,france,35000,1820000,CM,26,Wolverhampton,51590000,2682680000
Matz Sels,belgium,35000,1820000,GK,32,Nottingham Forest,51590000,2682680000
Bilal El Khannouss,morocco,35000,1820000,AM,20,Leicester,51590000,2682680000
Harry Toffolo,england,35000,1820000,LB,29,Nottingham Forest,51590000,2682680000
Marcus Tavernier,england,35000,1820000,LM,25,Bournemouth,51590000,2682680000
Sasa Kalajdzic,austria,35000,1820000,CF,27,Wolverhampton,51590000,2682680000
Morato,brazil,35000,1820000,CB,23,Nottingham Forest,51590000,2682680000
Christian Nørgaard,denmark,35000,1820000,DM,30,Brentford,51590000,2682680000
Max Aarons,england,35000,1820000,RB,24,Bournemouth,51590000,2682680000
Harry Wilson,wales,35000,1820000,RW,27,Fulham,51590000,2682680000
Ben Brereton,chile,35000,1820000,CF,25,Southampton,51590000,2682680000
Jacob Murphy,england,35000,1820000,RW,29,Newcastle,51590000,2682680000
Keane Lewis-Potter,england,35000,1820000,LW,23,Brentford,51590000,2682680000
Jarrad Branthwaite,england,35000,1820000,CB,22,Everton,51590000,2682680000
Bobby Reid,jamaica,35000,1820000,RW,31,Leicester,51590000,2682680000
Marcus Bettinelli,england,35000,1820000,GK,32,Chelsea,51590000,2682680000
Jake O'Brien,ireland,35000,1820000,CB,23,Everton,51590000,2682680000
Adam Wharton,england,35000,1820000,DM,20,Crystal Palace,51590000,2682680000
André Trindade,brazil,35000,1820000,DM,23,Wolverhampton,51590000,2682680000
Rico Henry,england,35000,1820000,LB,27,Brentford,51590000,2682680000
Ramón Sosa,paraguay,30000,1560000,LW,25,Nottingham Forest,44220000,2299440000
Crysencio Summerville,netherlands,30000,1560000,LW,22,West Ham,44220000,2299440000
Danilo,brazil,30000,1560000,DM,23,Nottingham Forest,44220000,2299440000
Dean Huijsen,spain,30000,1560000,CB,19,Bournemouth,44220000,2299440000
Charlie Taylor,england,30000,1560000,LB,30,Southampton,44220000,2299440000
Chadi Riad,morocco,30000,1560000,CB,21,Crystal Palace,44220000,2299440000
Ethan Pinnock,jamaica,30000,1560000,CB,31,Brentford,44220000,2299440000
Evan Ferguson,ireland,30000,1560000,CF,19,Brighton,44220000,2299440000
Flynn Downes,england,30000,1560000,DM,25,Southampton,44220000,2299440000
James Garner,england,30000,1560000,DM,23,Everton,44220000,2299440000
James Justin,england,30000,1560000,LB,26,Leicester,44220000,2299440000
Jan Paul van Hecke,netherlands,30000,1560000,CB,24,Brighton,44220000,2299440000
Jarell Quansah,england,30000,1560000,CB,21,Liverpool,44220000,2299440000
João Gomes,brazil,30000,1560000,CM,23,Wolverhampton,44220000,2299440000
Jordan Ayew,ghana,30000,1560000,CF,32,Leicester,44220000,2299440000
Joshua Da Silva,england,30000,1560000,CM,25,Brentford,44220000,2299440000
Ben Johnson,england,30000,1560000,RB,24,Ipswich Town,44220000,2299440000
Asmir Begovic,bosnia-herzegovina,30000,1560000,GK,37,Everton,44220000,2299440000
Mark Flekken,netherlands,30000,1560000,GK,31,Brentford,44220000,2299440000
Mikkel Damsgaard,denmark,30000,1560000,LW,24,Brentford,44220000,2299440000
Milos Kerkez,hungary,30000,1560000,LB,20,Bournemouth,44220000,2299440000
Murillo,brazil,30000,1560000,CB,22,Nottingham Forest,44220000,2299440000
Nathan Collins,ireland,30000,1560000,CB,23,Brentford,44220000,2299440000
Paul Onuachu,nigeria,30000,1560000,CF,30,Southampton,44220000,2299440000
Samy Morsy,egypt,30000,1560000,CM,32,Ipswich Town,44220000,2299440000
Santiago Bueno,uruguay,30000,1560000,CB,25,Wolverhampton,44220000,2299440000
Scott Carson,england,30000,1560000,GK,38,Manchester City,44220000,2299440000
Tom Cairney,scotland,30000,1560000,CM,33,Fulham,44220000,2299440000
Vitaly Janelt,germany,30000,1560000,DM,26,Brentford,44220000,2299440000
Youssef Chermiti,portugal,30000,1560000,CF,20,Everton,44220000,2299440000
Amad Diallo,cote-d-ivoire,28846,1500000,RW,22,Manchester United,42519004,2211000000
Nathan Patterson,scotland,28000,1456000,RB,22,Everton,41272000,2146144000
George Hirst,england,27500,1430000,CF,25,Ipswich Town,40535000,2107820000
Dara O'Shea,ireland,25000,1300000,CB,25,Ipswich Town,36850000,1916200000
Jota Silva,portugal,25000,1300000,LW,25,Nottingham Forest,36850000,1916200000
Renato Veiga,portugal,25000,1300000,LB,21,Chelsea,36850000,1916200000
Julián Araujo,mexico,25000,1300000,RB,23,Bournemouth,36850000,1916200000
Arijanet Muric,kosovo,25000,1300000,GK,25,Ipswich Town,36850000,1916200000
Chiedozie Ogbene,ireland,25000,1300000,RW,27,Ipswich Town,36850000,1916200000
Dwight McNeil,england,25000,1300000,LW,24,Everton,36850000,1916200000
Victor Kristiansen,denmark,25000,1300000,LB,21,Leicester,36850000,1916200000
Facundo Buonanotte,argentina,25000,1300000,AM,19,Leicester,36850000,1916200000
Luis Guilherme,brazil,25000,1300000,RW,18,West Ham,36850000,1916200000
Toti Gomes,portugal,25000,1300000,CB,25,Wolverhampton,36850000,1916200000
Gustavo Nunes,brazil,25000,1300000,LW,18,Brentford,36850000,1916200000
Will Smallbone,ireland,25000,1300000,CM,24,Southampton,36850000,1916200000
Anthony Elanga,sweden,25000,1300000,RW,22,Nottingham Forest,36850000,1916200000
Rico Lewis,england,25000,1300000,RB,19,Manchester City,36850000,1916200000
Jorge Cuenca,spain,25000,1300000,CB,24,Fulham,36850000,1916200000
Jack Clarke,england,25000,1300000,LW,23,Ipswich Town,36850000,1916200000
Wilson Odobert,france,25000,1300000,LW,19,Tottenham,36850000,1916200000
Jacob Greaves,england,25000,1300000,CB,23,Ipswich Town,36850000,1916200000
Sammie Szmodics,ireland,25000,1300000,AM,28,Ipswich Town,36850000,1916200000
Leif Davis,england,25000,1300000,LB,24,Ipswich Town,36850000,1916200000
Caleb Okoli,italy,25000,1300000,CB,23,Leicester,36850000,1916200000
Rodrigo Gomes,portugal,25000,1300000,RM,21,Wolverhampton,36850000,1916200000
Yoane Wissa,democratic-republic-of-the-congo,25000,1300000,LW,27,Brentford,36850000,1916200000
Isaac Hayden,england,22000,1144000,DM,29,Newcastle,32428000,1686256000
Gavin Bazunu,ireland,20000,1040000,GK,22,Southampton,29480000,1532960000
Mark Travers,ireland,20000,1040000,GK,25,Bournemouth,29480000,1532960000
Mads Roerslev Rasmussen,denmark,20000,1040000,RB,25,Brentford,29480000,1532960000
Liam Delap,england,20000,1040000,CF,21,Ipswich Town,29480000,1532960000
Kyle Walker-Peters,england,20000,1040000,RB,27,Southampton,29480000,1532960000
Kosta Nedeljkovic,serbia,20000,1040000,RB,18,Aston Villa,29480000,1532960000
Kobbie Mainoo,england,20000,1040000,CM,19,Manchester United,29480000,1532960000
Ross Stewart,scotland,20000,1040000,CF,28,Southampton,29480000,1532960000
Jean-Clair Todibo,france,20000,1040000,CB,24,West Ham,29480000,1532960000
Jason Steele,england,20000,1040000,GK,34,Brighton,29480000,1532960000
Sepp van den Berg,netherlands,20000,1040000,CB,22,Brentford,29480000,1532960000
Tim Iroegbunam,england,20000,1040000,CM,21,Everton,29480000,1532960000
Carlos Forbs,portugal,20000,1040000,LW,20,Wolverhampton,29480000,1532960000
Christian Walton,england,20000,1040000,GK,28,Ipswich Town,29480000,1532960000
William Osula,denmark,20000,1040000,CF,21,Newcastle,29480000,1532960000
Daniel Iversen,denmark,20000,1040000,GK,27,Leicester,29480000,1532960000
Daniel Bentley,england,20000,1040000,GK,31,Wolverhampton,29480000,1532960000
Mateus Fernandes,portugal,20000,1040000,CM,20,Southampton,29480000,1532960000
Juan Larios,spain,15000,780000,LB,20,Southampton,22110000,1149720000
Jørgen Strand Larsen,norway,15000,780000,CF,24,Wolverhampton,22110000,1149720000
Pedro Lima,brazil,15000,780000,RB,18,Wolverhampton,22110000,1149720000
Brandon Austin,england,15000,780000,GK,25,Tottenham,22110000,1149720000
Ronnie Edwards,england,15000,780000,CB,21,Southampton,22110000,1149720000
Curtis Jones,england,15000,780000,CM,23,Liverpool,22110000,1149720000
Ryan Manning,ireland,15000,780000,LB,28,Southampton,22110000,1149720000
Jayden Meghoma,england,15000,780000,LB,18,Brentford,22110000,1149720000
James McAtee,england,15000,780000,CM,21,Manchester City,22110000,1149720000
Samuel Edozie,england,15000,780000,LW,21,Southampton,22110000,1149720000
Conor Chaplin,england,15000,780000,SS,27,Ipswich Town,22110000,1149720000
Conor Townsend,england,15000,780000,LB,31,Ipswich Town,22110000,1149720000
Nathan Wood,england,15000,780000,CB,22,Southampton,22110000,1149720000
Carlos Miguel,brazil,15000,780000,GK,25,Nottingham Forest,22110000,1149720000
Yunus Emre Konak,turkey,15000,780000,DM,18,Brentford,22110000,1149720000
Lucas Bergvall,sweden,15000,780000,AM,18,Tottenham,22110000,1149720000
Luke Cundle,england,15000,780000,CM,22,Wolverhampton,22110000,1149720000
Luke Thomas,england,15000,780000,LB,23,Leicester,22110000,1149720000
Enes Ünal,turkey,15000,780000,CF,27,Bournemouth,22110000,1149720000
Wes Foderingham,england,15000,780000,GK,33,West Ham,22110000,1149720000
Armel Bella-Kotchap,germany,15000,780000,CB,22,Southampton,22110000,1149720000
Kasey McAteer,ireland,15000,780000,RW,22,Leicester,22110000,1149720000
Enso González,paraguay,12500,650000,LW,19,Wolverhampton,18425000,958100000
Carlos Baleba,cameroon,12500,650000,DM,20,Brighton,18425000,958100000
Simon Adingra,cote-d-ivoire,12500,650000,RW,22,Brighton,18425000,958100000
Mark Gillespie,england,10000,520000,GK,32,Newcastle,14740000,766480000
Massimo Luongo,australia,10000,520000,CM,31,Ipswich Town,14740000,766480000
Joe Lumley,england,10000,520000,GK,29,Southampton,14740000,766480000
Hákon Rafn Valdimarsson,iceland,10000,520000,GK,22,Brentford,14740000,766480000
Tom King,wales,10000,520000,GK,29,Wolverhampton,14740000,766480000
Tommy Doyle,england,10000,520000,CM,22,Wolverhampton,14740000,766480000
Mads Hermansen,denmark,10000,520000,GK,24,Leicester,14740000,766480000
Issahaku Fatawu,ghana,10000,520000,RW,20,Leicester,14740000,766480000
Conor Bradley,northern-ireland,10000,520000,RB,21,Liverpool,14740000,766480000
Joe Gauci,australia,10000,520000,GK,24,Aston Villa,14740000,766480000
Rayan Aït-Nouri,algeria,10000,520000,LB,23,Wolverhampton,14740000,766480000
Kevin Schade,germany,10000,520000,LW,22,Brentford,14740000,766480000
Julio Enciso,paraguay,10000,520000,AM,20,Brighton,14740000,766480000
Harry Clarke,england,10000,520000,RB,23,Ipswich Town,14740000,766480000
James Bree,england,10000,520000,RB,26,Southampton,14740000,766480000
Kortney Hause,england,10000,520000,CB,29,Aston Villa,14740000,766480000
Jakub Stolarczyk,poland,10000,520000,GK,23,Leicester,14740000,766480000
Ali Al-Hamadi,iraq,10000,520000,CF,22,Ipswich Town,14740000,766480000
Jakub Moder,poland,10000,520000,CM,25,Brighton,14740000,766480000
Caoimhín Kelleher,ireland,10000,520000,GK,25,Liverpool,14740000,766480000
Wes Burns,wales,10000,520000,RW,29,Ipswich Town,14740000,766480000
Jack Taylor,ireland,10000,520000,CM,26,Ipswich Town,14740000,766480000
Jack Hinshelwood,england,10000,520000,RB,19,Brighton,14740000,766480000
Stephy Mavididi,england,10000,520000,LW,26,Leicester,14740000,766480000
Steven Benda,germany,10000,520000,GK,25,Fulham,14740000,766480000
Yerson Mosquera,colombia,8000,416000,CB,23,Wolverhampton,11792000,613184000
Cameron Burgess,australia,8000,416000,CB,28,Ipswich Town,11792000,613184000
John Ruddy,england,8000,416000,GK,37,Newcastle,11792000,613184000
Lamare Bogarde,netherlands,8000,416000,CB,20,Aston Villa,11792000,613184000
Michael Golding,england,8000,416000,CM,18,Leicester,11792000,613184000
Bastien Meupiyou,france,8000,416000,CB,18,Wolverhampton,11792000,613184000
Eric da Silva Moreira,germany,8000,416000,RW,18,Nottingham Forest,11792000,613184000
Yasin Ayari,sweden,8000,416000,CM,20,Brighton,11792000,613184000
Lucas Bergström,finland,7500,390000,GK,21,Chelsea,11055000,574860000
Alfie Whiteman,england,7500,390000,GK,25,Tottenham,11055000,574860000
Taylor Harwood-Bellis,england,7500,390000,CB,22,Southampton,11055000,574860000
Cesare Casadei,italy,7500,390000,CM,21,Chelsea,11055000,574860000
Luke Woolfenden,england,7500,390000,CB,25,Ipswich Town,11055000,574860000
Rodrigo Muniz,brazil,7500,390000,CF,23,Fulham,11055000,574860000
João Virgínia,portugal,7500,390000,GK,24,Everton,11055000,574860000
Remi Matthews,england,7500,390000,GK,30,Crystal Palace,11055000,574860000
Matthew Cox,england,7000,364000,GK,21,Brentford,10318000,536536000
Vitezslav Jaros,czech-republic,7000,364000,GK,23,Liverpool,10318000,536536000
Lewis Hall,england,7000,364000,LB,19,Newcastle,10318000,536536000
Josh Wilson-Esbrand,england,7000,364000,LB,21,Manchester City,10318000,536536000
Nathan Broadhead,wales,6000,312000,LW,26,Ipswich Town,8844000,459888000
Omari Hutchinson,england,6000,312000,RW,20,Ipswich Town,8844000,459888000
Lewis Miley,england,5000,260000,CM,18,Newcastle,7370000,383240000
Tyler Dibling,england,5000,260000,RW,18,Southampton,7370000,383240000
Toby Collyer,england,5000,260000,DM,20,Manchester United,7370000,383240000
Yegor Yarmolyuk,ukraine,5000,260000,AM,20,Brentford,7370000,383240000
Ed Turns,wales,5000,260000,CB,21,Brighton,7370000,383240000
Louie Moulden,england,5000,260000,GK,22,Crystal Palace,7370000,383240000
Ji-soo Kim,south-korea,5000,260000,CB,19,Brentford,7370000,383240000
James Hill,england,5000,260000,CB,22,Bournemouth,7370000,383240000
Samuel Amo-Ameyaw,england,5000,260000,RW,18,Southampton,7370000,383240000
Andy Irving,scotland,5000,260000,CM,24,West Ham,7370000,383240000
Daniel Gore,england,5000,260000,CM,19,Manchester United,7370000,383240000
Garang Kuol,australia,5000,260000,LW,19,Newcastle,7370000,383240000
Cieran Slicker,scotland,3000,156000,GK,21,Ipswich Town,4422000,229944000
Imari Samuels,england,3000,156000,LB,21,Brighton,4422000,229944000
Zach Abbott,england,3000,156000,CB,18,Nottingham Forest,4422000,229944000
Alex Murphy,ireland,3000,156000,LB,20,Newcastle,4422000,229944000
Killian Cahill,ireland,3000,156000,GK,20,Brighton,4422000,229944000
Paris Maghoma,england,3000,156000,CM,23,Brentford,4422000,229944000
Ryan Trevitt,england,2500,130000,CM,21,Brentford,3685000,191620000
Will Dennis,england,2000,104000,GK,24,Bournemouth,2948000,153296000
